I Really Want to Stay At Your House,Rosa Walton,英文；ACG；舰长,赛博朋克2077
Nameless Love Song,Guilty Kiss,日文；ACG,LoveLive
Phantom Rocket Adventure,Guilty Kiss,日文；ACG,LoveLive
Love?Pulsar,Guilty Kiss,日文；ACG,LoveLive
New Romantic Sailors,Guilty Kiss,日文；ACG,LoveLive
Deep Sea Cocoon,Guilty Kiss,日文；ACG；舰长,LoveLive
Shooting Star Warrior,Guilty Kiss,日文；ACG,LoveLive
鏡面の波,YURiKA,日文；ACG；舰长,宝石之国
私は最強,Ado,日文；ACG；舰长,海贼王RED
悪魔の子,ヒグチアイ,日文；ACG；舰长,进击的巨人
BANZAI! digital trippers,Aqours,日文；ACG,LoveLive
KA-GA-YA-KI-RA-RI-RA,Aqours,日文；ACG,LoveLive
Primary,Liella!,日文；ACG；舒缓,LoveLive
Dream on,宫野真守,日文；ACG；舒缓,阴晴不定大哥哥
Tot Musica,Ado,日文；ACG；SC,海贼王RED SC点歌
風のゆくえ,Ado,日文；ACG；舰长,风的去向 海贼王RED
逆光,Ado,日文；ACG；舰长,海贼王RED
新時代,Ado,日文；ACG,海贼王RED
小城夏天,LBI利比,中文；流行,
Aoi,サカナクション,日文；流行,鱼韵 Sakanaction
愛言葉IV,初音未来,日文；术力口,Deco27
CH4NGE,可不,日文；术力口；流行,Giga
迷冥探偵ヨハネ,小林爱香,日文；ACG；舰长,LoveLive
MOTTAI,P丸様?,日文；流行；舰长,
Jump up HIGH!!,Aqours,日文；ACG；舰长,LoveLive
星间飞行,中岛爱,日文；ACG,超时空要塞
stars we chase,内田秀,英文；ACG,LoveLive 米娅
Fantastic Departure!,Aqours,日文；ACG；舰长,LoveLive
Aqours Pirates Desire,Aqours,日文；ACG,LoveLive
DREAMY COLOR,Aqours,日文；ACG,LoveLive
Eutopia,法元明菜,日文；中文；ACG；SC,LoveLive 钟岚珠 SC点歌 
だんだん早くなる,初音未来,日文；术力口,逐渐加快 40mP
HOT PASSION!!,Sunny Passion,日文；ACG,LoveLive
勾指起誓,洛天依,中文；流行；术力口,
Wish Song,Liella!,日文；ACG；舒缓,LoveLive
ユニゾン,Liella!,日文；ACG,Unison LoveLive
ハンマーを電波ソングにしてみた,Kana,日文；卖萌；舰长,锤子电波之歌
めざせポケモンマスター,松本梨香,日文；ACG,目标是宝可梦大师 口袋妖怪
Paradise Chime,齐藤朱夏,日文；ACG；Rap,LoveLive
コットンキャンディえいえいおー！,降幡愛,日文；ACG；卖萌；舰长,AAO LoveLive
夏色えがおで1，2，Jump!,μ's,日文；ACG,LoveLive
Braveheart Coaster,CYaRon!,日文；ACG；舰长,LoveLive
コドク?テレポート,CYaRon!,日文；ACG；舒缓,孤独传送 LoveLive
Love Of My Life,Queen,英文；舒缓；舰长,
徒花ネクロマンシー,腐烂秀秀,日文；ACG；舰长,佐贺偶像是传奇
Eternal Light,DiverDiva,日文；ACG；Rap,LoveLive
PONPONPON, Kyary Pamyu Pamyu,日文；流行；卖萌,彭薇薇
冬の花,宫本浩次,日文；流行；SC,SC点歌
ハステとワステ,AKB48,日文；流行；秋元系,川荣李奈
五月雨よ,樱坂46,日文；流行；秋元系,
君に叱られた,乃木坂46,日文；流行；秋元系,被你训斥 
帰り道は遠回りしたくなる,乃木坂46,日文；流行；秋元系,想绕远路回家 西野七濑
チキチキバンバン,QUEENDOM,日文；ACG；Rap,7ki7ki棒棒 派对浪客诸葛孔明
ねぇねぇねぇ。,初音未来 镜音铃,日文；术力口,呐呐呐 匹诺曹P
僕の戦争,神圣放逐乐队,日文；ACG；SC,进击的巨人 SC点歌
人体解冻,姜涵John Senco,中文；流行,
Over Drive,JUDY AND MARY,日文；流行,池田瑛紗
Magical Word,P丸様?,日文；流行；卖萌,TeddyLoid
とっても大好きっ！,P丸様?,日文；流行；舰长,の子
ちきゅう大爆発,P丸様?,日文；流行；卖萌；Rap,地球大爆炸
インフルエンサー,乃木坂46,日文；流行；秋元系,大影响家 西野七濑
制服のマネキン,乃木坂46,日文；流行；秋元系,制服人偶 生驹里奈
Actually…,乃木坂46,日文；流行；秋元系,
Sing Out!,乃木坂46,日文；流行；秋元系,斋藤飞鸟
繚乱!ビクトリーロード,虹咲学园校园偶像同好会,日文；ACG；Rap；舰长,缭乱胜利大马路 LoveLive
波子汽水,雷雨心,中文；流行；舒缓,
SUPER NOVA,DiverDiva,日文；ACG；Rap,LoveLive
"GEMSTONE ""DE-A-I""",Aqours,日文；ACG,LoveLive
なんどだって約束！,Aqours,日文；ACG,LoveLive
シリウスの心臓,异世界情绪,日文；流行；V圈金曲；舰长,天狼星的心脏
リテラチュア,上田丽奈,日文；ACG,魔女之旅
ヒトガタ,HIMEHINA,日文；ACG；Rap；SC,人型 SC点歌
美しきもの,Sound Horizon,日文；V圈金曲；舰长,美丽之物
START!! True dreams,Liella!,日文；ACG,LoveLive
future gazer,fripSide,日文；ACG；舰长,某科学的超电磁炮
僕が死のうと思ったのは,中島美嘉,日文；流行；SC,曾经我也想一了百了 SC点歌
命は美しい,乃木坂46,日文；流行；秋元系；舒缓,西野七濑
One Last Kiss,宇多田光,日文；ACG；流行；舰长,EVA
同担☆拒否,HoneyWorks,日文；ACG；卖萌,
I'm Still…,内田秀,日文；英文；ACG,LoveLive 米娅
Queendom,法元明菜,日文；中文；ACG,LoveLive 钟岚珠
MONSTER GIRLS,R3BIRTH,日文；中文；ACG；Rap；舰长,LoveLive
ときめきブローカー,P丸様?,日文；流行；卖萌；舰长,心跳捐客
KU-RU-KU-RU Cruller!,Aqours,日文；ACG；Rap,LoveLive
勇気のカケラ,岬奈子,日文；ACG,勇气的碎片 LoveLive 岚千砂都
夜明珠,法元明菜,日文；ACG,LoveLive 钟岚珠
翠いカナリア,小泉萌香,日文；ACG；舰长,翠色金丝雀 LoveLive 三船栞子
ツバメ,YOASOBI,日文；流行,燕子
ミスター,YOASOBI,日文；流行,先生
もしも命が描けたら,YOASOBI,日文；流行；舰长,若能描绘生命
常夏☆サンシャイン,Liella!,日文；ACG,LoveLive
Tiny Stars,Liella!,日文；ACG；SC,LoveLive SC点歌
未来は風のように,Liella!,日文；ACG,LoveLive
Shooting Voice!!,Liella!,日文；ACG,LoveLive
LIVE with a smile!,Aqours 虹咲学园校园偶像同好会 Liella!,日文；ACG；舰长,LoveLive
だから僕らは鳴らすんだ!,Liella!,日文；ACG,我们之所以奏响的乐章 LoveLive
Day1,Liella!,日文；ACG；Rap,LoveLive
ノンフィクション!!,Liella!,日文；ACG；Rap,Nonfiction LoveLive
恋ノ行方,あかせあかり,日文；ACG； 卖萌,更衣人偶坠入爱河
INTERNET OVERDOSE,NEEDY GIRL OVERDOSE,日文；ACG； 卖萌；舰长,主播女孩重度依赖
神っぽいな,初音未来,日文；ACG；Rap；SC,像神一样呐 匹诺曹P SC点歌
Machi No Dorufin,滨田金吾,日文；流行；舒缓,
大正浪漫,YOASOBI,日文；流行,
老人と海,ヨルシカ ,日文；流行；舒缓,夜鹿
ダンスの理由,平手友梨奈,日文；流行；秋元系,跳舞的理由
シル?ヴ?プレジデント,P丸様?,日文；流行；卖萌；SC,如果我是大统领 SC点歌
夢がここからはじまるよ,虹咲学园校园偶像同好会,日文；ACG,梦想从这里开始哦 LoveLive
誰がその鐘を鳴らすのか？ ,欅坂46,日文；流行；秋元系,谁来敲响这座钟呢？
三原色,YOASOBI,日文；流行；Rap；舰长,
うまぴょい伝説,赛马娘,日文；ACG；Rap；SC,马儿跳传说 SC点歌
カミイロアワセ,binaria,日文；ACG,弹丸论破
Everything Sucks,vaultboy,英文；流行,
あいつら全員同窓会,ずっと真夜中でいいのに。,日文；流行； 舰长,那些家伙们的校友会 真夜中
多分、風。,サカナクション,日文；流行,鱼韵 Sakanaction
忘れられないの,サカナクション,日文；流行,鱼韵 Sakanaction
アルクアラウンド,サカナクション,日文；流行,萍踪浪迹 鱼韵 Sakanaction 
バッハの旋律を夜に聴いたせいです。,サカナクション,日文；流行,因为在夜晚聆听巴赫的旋律。 鱼韵 Sakanaction
アルティメットセンパイ,初音未来,日文；术力口,究极前辈 匹诺曹P
So What,SPiCYSOL,日文；流行,
ONLY ONE,SPiCYSOL,日文；流行,主夫公寓
炎,LiSA,日文；流行；ACG；舰长,鬼灭之刃
なでなで,莉犬,日文；ACG；卖萌,抚摸抚摸
もう少しだけ,YOASOBI,日文；流行；舰长,只要多一点
踊,Ado,日文；流行；ACG；Rap；SC,SC点歌
勘ぐれい,ずっと真夜中でいいのに。,日文；流行； 舰长,灰心感 真夜中
約束タワー,スタァライト九九組,日文；ACG,约定塔 少女歌剧
私のSymphony,Liella!,日文；ACG,LoveLive
Dreaming Energy,Liella!,日文；ACG,LoveLive
Dancing Heart La-Pa-Pa-Pa!,Liella!,日文；ACG,LoveLive
始まりは君の空,Liella!,日文；ACG；舰长,LoveLive
マイライフ,CY8ER,日文；流行；地偶,My Life
そして花になる,花谱,日文；流行； 舰长,然后成为花
POWER SPOT!!,DiverDiva,日文；ACG；舰长,LoveLive
VIVID WORLD,久保田未梦,日文；ACG；舰长,LoveLive 朝香果林
Answer,幾田りら,日文；流行,ikura
うっせぇわ,Ado,日文；流行；SC,吵死了 SC点歌
Dazzling White Town,Saint Snow,日文；ACG；舰长,LoveLive
巣立ちの歌,アネモネリア,日文；ACG；舒缓；舰长,奇蛋物语
Life is サイダー,アネモネリア,日文；ACG；舰长,奇蛋物语
セカイノハテ,齐藤朱夏,日文；ACG；舰长,世界的尽头 巴克·亚罗
give it back,C? shu Nie,日文；ACG；SC,咒术回战
round and round,Merm4id,日文；ACG；舰长,D4DJ
Gonna be right,Peaky P-key,日文；ACG；舰长,D4DJ
Let’s do the ‘Big-Bang!’,Peaky P-key,日文；ACG；舰长,D4DJ
Floor Killer,Merm4id,日文；ACG；舰长,D4DJ
優しい彗星,YOASOBI,日文；流行；舒缓,动物狂想曲
ING,Merm4id,日文；ACG；舰长,D4DJ
まっすぐに、トウメイに。,水濑祈,日文；流行； 舰长,麒麟柠檬广告曲
カレンデュラ,燐舞曲,日文；ACG；摇滚；舰长,金盏花 D4DJ
あの夢をなぞって,YOASOBI,日文；流行； 舰长,描绘着那场梦
銀河鉄道の夜に,Lyrical Lily,日文；ACG；舰长,D4DJ
吾輩よ猫であれ,Lyrical Lily,日文；ACG；卖萌；舰长,D4DJ
LOVE!HUG!GROOVY!!,D4DJ,日文；ACG；舰长,D4DJ SC多声线
prayer[s],燐舞曲,日文；ACG；舰长,D4DJ
Make some noise!,Merm4id,日文；ACG；舰长,D4DJ
電乱★カウントダウン,Peaky P-key,日文；ACG；舰长,电乱Countdown D4DJ
怪物,YOASOBI,日文；流行； 舰长,动物狂想曲
アンコール,YOASOBI,日文；流行； 舰长,安可
KING,GUMI,日文；术力口；SC,kanaria SC点歌
Misty Frosty Love,Aqours,日文；ACG,LoveLive
ハルカ,YOASOBI,日文；流行,遥 Haruka
紅蓮華,LiSA,日文；ACG；流行；SC,鬼灭之刃 SC点歌
REALITY MAGIC,大森靖子,日文；流行,
靴の花火,ヨルシカ ,日文；流行,夜鹿
and I'm home,喜多村英梨 野中蓝,日文；ACG,魔法少女小圆
超常マイマイン,奶油糖 000,日文；ACG；卖萌,MaiMai
Message in the Wind,Celeina Ann,英文；ACG,卡罗尔与星期二
ショコラと隕石,りぶ,日文；流行,
Plastic Love,竹内玛莉亚,日文；流行；舒缓,塑料爱
ルカルカ★ナイトフィーバー,実谷なな,日文；流行；ACG,lukaluka night fever
メグメグ☆ファイアーエンドレスナイト,実谷なな,日文；流行；ACG,megumegu fire endless night
Catherine,悶餅MOONBAND,英文；流行；舒缓,
呪いは水色,大森靖子,日文；流行；舒缓,水蓝色诅咒
君は薔薇より美しい,布施明,日文；流行；舰长,
4:00A.M.,荷尔蒙少年,中文；流行,
あなたのために,あいみょん,日文；流行；舰长,为了你 爱缪
私の好きなもの,lovely summer,日文；流行,我喜欢的东西 吃货曲
群青,YOASOBI,日文；流行；舰长,
夜に駆ける,YOASOBI,日文；流行；SC,向夜晚奔去 SC点歌
Oh my god,(G)I-DLE,日文；K-pop；流行,
ハルジオン,YOASOBI,日文；流行；舰长,春紫苑
秒針を噛む,ずっと真夜中でいいのに。,日文；流行；舰长,咬住秒针 真夜中
儚恋∥セパレート,煌めき☆アンフォレント,日文；流行；地偶,
全開＜アクセラレーション,煌めき☆アンフォレント,日文；流行；地偶,
Trigger,尾崎雄貴,日文；ACG,东京残响
夜走,打到三明治,中文；流行；舒缓,
たふ?ん,YOASOBI,日文；流行,大概
花に亡霊,ヨルシカ,日文；流行；ACG；舒缓,夜鹿 想哭的我戴上了猫的面具
便利店女孩,悶餅MOONBAND,中文；流行；舒缓；粤语,
Lover Song,SoulFa 灵魂沙发,英文；流行；舒缓,
第六感,Reol,日文；流行；舰长,
Magia,Kalafina,日文；ACG；舰长,魔法少女小圆
ゆーれいずみー,Reol,日文；流行；Rap；舰长,
おねだり大作戦,BABYMETAL,日文；摇滚；舰长,撒娇大作战
紅月-アカツキ-,BABYMETAL,日文；摇滚；舰长,
A DECLARATION OF ×××,RAISE A SUILEN,日文；摇滚；ACG；舰长,邦邦
UNSTOPPABLE,RAISE A SUILEN,日文；摇滚；ACG；舰长,邦邦
明日も明後日も,SpecialThanks,日文；流行,扔掉吧安达小姐
I LOVE…,Official髭男dism,日文；流行,将恋爱进行到底
1LDK,Reol,日文；流行；舰长,
Oh My! ,SEVENTEEN,日文；K-pop；流行,
WHISTLE,BLACKPINK,日文；K-pop；流行；Rap,
Night Cruising,SPiCYSOL,日文；流行,
It's Time,SPiCYSOL,日文；流行,
焦糖星,Warma,中文；流行；舒缓,
一般男性脱糞シリーズ,yyut,日文；舒缓；SC,SC点歌
舞い落ちる花びら,SEVENTEEN,日文；K-pop；流行,Fallin' Flower
Bye by me,Vaundy,日文；流行；舒缓,扔掉吧安达小姐
惡の華,宇宙人,日文；ACG；舰长,恶之花
Dear Mary,悶餅MOONBAND,英文；流行；舒缓,
勘冴えて悔しいわ,ずっと真夜中でいいのに。,日文；流行；舰长,直觉敏锐而不甘 真夜中
夜行,ヨルシカ,日文；流行；ACG；舒缓,
Samurai 45,MIYAVI,日文；英文；ACG；流行,异度侵入
お勉強しといてよ,ずっと真夜中でいいのに。,日文；流行；舰长,得好好学习哦
READY!!,765PRO ALLSTARS,日文；ACG,偶像大师 爱马仕
お願い! シンデレラ,THE IDOLM@STER,日文；ACG,偶像大师 灰姑娘女孩 爱马仕
金木犀の夜,きのこ帝国,日文；流行；舒缓,
DADDY! DADDY! DO!,鈴木愛理,日文；ACG,辉夜大小姐想让我告白 半首
乙女のルートはひとつじゃない！,angela,日文；ACG,转生成为了只有乙女游戏破灭flag的大小姐 半首
一番星,タイナカ彩智,日文；流行；舒缓；SC,SC点歌
肥肠爱你,舒大卫,中文；流行；舒缓；舰长,
僕らの環境,ナナニジ 22/7,日文；ACG；秋元系,
我是一只鱼,落日飞车,中文；流行；舒缓,
一起跳海,小缪,中文；流行；舒缓,
我的悲伤是水做的,洛天依,中文；术力口；舒缓,
太陽系?ワンダーラスト,煌めき☆アンフォレント,日文；流行；地偶,
Floating Heart,内田彩,日文；流行；卖萌,
ギミチョコ!!,BABYMETAL,日文；摇滚；舰长,Gimme Chocolate!!
Blue Moon,SPiCYSOL,日文；流行,
STUDY,SPiCYSOL,日文；流行,
いいね!,BABYMETAL,日文；摇滚；舰长,
メギツネ,BABYMETAL,日文；摇滚；舰长,
太阳,程佳佳,中文；流行；舒缓,
煩悩遊戯,Reol,日文；流行；Rap；舰长,
君はロックを聴かない,あいみょん,日文；流行；舰长,不听摇滚的你 爱缪
ダリ,Reol,日文；流行；Rap；舰长,
HYPE MODE,Reol,日文；流行；Rap；舰长,
Defying Gravity ,Idina Menzel,英文；音乐剧；SC,音乐剧魔法坏女巫 SC点歌
Tiny Light,鬼头明里,日文；ACG；舒缓,地缚少年花子君
Clover wish,ChamJam,日文；ACG；地偶,神推偶像登上武道馆我就死而无憾
ごまかし,Trysail,日文；ACG,魔法纪录 魔法少女小圆外传 半首
ダイアモンド クレバス,May'n,日文；ACG；舰长,钻石裂痕 超时空要塞 马裤螺丝
Light for Knight,三森すずこ,日文；ACG；舰长,枪的假面舞会
Lemon,米津玄师,日文；流行；舒缓；舰长,
I am beautiful,辻詩音,日文；流行,
Swim ～oh!oh!oh!～,辻詩音,日文；流行,
大切な君へ,井上苑子,日文；流行,
ラタムニカ,藤原さくら,日文；流行,
グルグル,藤原さくら,日文；流行,
MILK,神山羊,日文；流行,
Minus Zero × Synesthesia,Hikaru Station,日文；流行；电音,
have a nice day,浅葱喵asagiinyo,日文；流行,
Sunday Silence,月島春果,日文；流行；电音,
SLEEPWALK,ヒトリエ,日文；流行,
にんじゃりばんばん,きゃりーぱみゅぱみゅ,日文；流行,忍者棒棒 彭薇薇
Someone In The Crowd,Someone In The Crowd,英文；音乐剧；舰长,爱乐之城 La La Land
Another Day Of Sun,La La Land,英文；音乐剧；舰长,爱乐之城 La La Land
I Can't Get Enough with Set Sail,SPiCYSOL,日文；流行,
愛 think so，,ef,日文；流行,
KUMAMIKO DANCING,日岡なつみ,日文；ACG,当女孩遇到熊
白日,King Gnu,日文；流行；舰长,
サターン,ずっと真夜中でいいのに。,日文；流行；舰长,土星 真夜中
ハッピーになりたい,ナナヲアカリ,日文；流行,想要变得快乐 nanawoakari
フロントメモリー,鈴木瑛美子,日文；ACG；流行；舰长,恋如雨止
みんなの太陽系,つじあやの,日文；流行,
玛德琳娜电塔,warma,中文；流行；舒缓；舰长,
歌に形はないけれど,花たん,日文；流行；舰长,虽说歌声没有形状
Traffic Jam,SPiCYSOL,日文；流行,
WDTA(Shut Up),SPiCYSOL,日文；流行,
Fresh Go,SPiCYSOL,日文；流行,
落下,日向文,日文；流行；舒缓,
ヒューマノイド,ずっと真夜中でいいのに。,日文；流行；舰长,Humanoid 真夜中
真夏のミッション,Goose house,日文；流行,
cry,日向文,日文；流行；舒缓,
YELLOW,神山羊,日文；流行；舰长,
玉葱+,初音未来,日文；术力口,匹诺曹P
なんでもないや,RADWIMPS,日文；流行；ACG；舒缓,你的名字
いかないで,鹿乃,日文；流行；舒缓,不要离开我
錆び,日向文,日文；流行；舒缓,
オドループ,フレデリック,日文；流行；舒缓,
ブラックアウト,日向文,日文；流行；舒缓,
君がいて水になる,ずっと真夜中でいいのに。,日文；流行,有你在即可化成水 真夜中
ヤバい○○,上坂すみれ,日文；流行； SC,SC点歌
オオカミ少年独白,Cana,日文；流行；舒缓,
unlasting,LiSA,日文；ACG；舰长；舒缓,刀剑神域
プラトニック?ラヴ,鹿乃,日文；术力口,柏拉图式爱情
ベノム,flower,日文；术力口,猛毒 怪力熊
ダイヤモンドプリンセスの憂鬱,BiBi,日文；ACG,钻石公主的忧郁 LoveLive
Silent tonight,BiBi,日文；ACG；舒缓,LoveLive
コイワズライ,Amier,日文；流行,相思病 别被白雪与狼君所欺骗
Los! Los! Los!,悠木碧,日文；ACG；舰长,幼女战记
マリーゴールド,あいみょん,日文；流行；舰长,金盏花 D4DJ
錯覚CROSSROADS,BiBi,日文；ACG；舒缓,LoveLive
新宝島,サカナクション,日文；流行； SC,SC点歌
新宝島 抒情版,Lefty Hand Cream,日文；流行； 舰长；舒缓,
オオカミと少女,鎖那,日文；流行,狼与少女
パパパ,斉藤朱夏,日文；ACG；舰长,喜欢本大爷的竟然只有你一个?
サマータイムラブ,Shiggy Jr.,日文；流行,夏日爱情
フラレガイガール,さユり,日文；流行,被甩男女
BEYOND,鎖那,日文；流行；舰长,
fairy stage,K2 SOUND,日文；ACG；舰长,东方
my sweetest one,Aimer,日文；流行,
ジュリアに傷心,チェッカーズ,日文,轮到你了插曲 Oh my Julia
あなたは煙草　私はシャボン,ラブリーサマーちゃん,日文；流行,你是烟草，我是泡沫
See You - またね,HoneyComeBear,日文；流行；电音,
青春のリバーブ,戸松遥，赤﨑千夏，豊崎愛生,日文；ACG；舒缓,女高中生的虚度日常
丸ノ内サディスティック,椎名林檎,日文；流行,丸之内受虐狂
歌舞伎町の女王,椎名林檎,日文；流行,歌舞伎町的女王
コトコト,ef,日文；流行；舒缓,
輪!Moon!dass!cry!,戸松遥，赤﨑千夏，豊崎愛生,日文；ACG；舰长,女高中生的虚度日常
めっかわ,大森靖子,日文；流行,超可爱
貴方解剖純愛歌~死ね~,あいみょん,日文；流行；舰长,爱缪
あたし天使の堪忍袋,大森靖子,日文；流行；SC,我天使的忍耐极限 SC点歌
歩いても歩いても、夜空は僕を追いかけてくる,鎖那,日文；流行,
ため息,チュール,日文；流行；舒缓,
あなたのお耳にプラグイン!,イヤホンズ,日文；ACG；舰长,那就是声优
光年之外,G.E.M.邓紫棋,中文；流行；舰长,
虹色 サンシャイン,煌めき☆アンフォレント,日文；流行；地偶,
好きな人がいること,知英,日文；流行,有喜欢的人
しゅわりん☆どり~みん,Pastel＊Palettes,日文；ACG；舰长,修车曲 邦邦
Not Afraid,Alisa,英文；ACG,卡罗尔与星期二
瞬き,春茶,日文；流行；舒缓,
For フルーツバスケット,岡崎律子,日文；ACG；舒缓,水果篮子
The Loneliest Girl,Nai Br.XX Celeina Ann,英文；ACG；舒缓,卡罗尔与星期二
Light A Fire,Alisa,英文；ACG；舰长,卡罗尔与星期二
All I Want,Alisa,英文；ACG,卡罗尔与星期二
Whispering My Love,Nai Br.XX Celeina Ann,英文；ACG；舒缓,卡罗尔与星期二
Someday I'll Find My Way Home,Nai Br.XX Celeina Ann,英文；ACG；舒缓,卡罗尔与星期二
Round ＆ Laundry,Nai Br.XX Celeina Ann,英文；ACG,卡罗尔与星期二
Move Mountains,Alisa,英文；ACG；舰长,卡罗尔与星期二
だから僕は音楽を辞めた,ヨルシカ ,日文；流行；舰长,夜鹿 所以我放弃了音乐
クレイジー?ビート,镜音铃/镜音连,日文；ACG；术力口；电音,康帕斯 Crazy Beat
阿吽のヒ?ーツ,flower,日文；术力口,阿吽的节奏
ヒーローになりたかった,斉藤朱夏,日文；流行,
あと1メートル,斉藤朱夏,日文；流行,
ことばの魔法,斉藤朱夏,日文；流行,
くつひも,斉藤朱夏,日文；流行,
画,G.E.M.邓紫棋,中文；流行；舒缓,
扉をあけて,ANZA,日文；ACG；舰长,敞开心扉 魔卡少女樱
Synchrogazer,水樹奈々,日文；ACG；SC,战姬绝唱 SC点歌
深愛,水樹奈々,日文；ACG；舰长,白色相簿
Ringing Bloom,Roselia,日文；ACG；舰长,邦邦
ジャンヌダルク,三森すずこ,日文；ACG；音乐剧；舰长,少女歌剧
FIRE BIRD,Roselia,日文；ACG；舰长,邦邦
劣等上等,Reol,日文；流行；电音；舰长,
激白,Reol,日文；流行；电音；舰长,
Euterpe,EGOIST,日文；ACG；舰长；舒缓,罪恶王冠
intention,鹿乃,日文；流行,
CHANGE!!!!,765PRO ALLSTARS,日文；ACG；舰长,偶像大师 爱马仕
ミント,初音ミク,日文；术力口,MINT ATOLS
aLIEz,mizuki,日文；ACG；SC,核爆神曲 SC点歌
男の勲章,RIKI,日文；流行,我是大哥大
キミの記憶,川村ゆみ,日文；ACG；舰长,女神异闻录
残酷な天使のテーゼ,高橋洋子,日文；ACG,残酷天使的行动纲领 EVA
STAND-ALONE,Aimer,日文；流行,轮到你了插曲 Oh my Julia
ミッドナイトストロウラ,Reol,日文；流行；电音；舰长,
シンカロン,Reol,日文；流行；电音；舰长,
ウテナ,Reol,日文；流行；Rap；舰长,
GIRAFFE BLUES,鈴木みのり,日文；ACG,马裤螺丝 超时空要塞
砂金,黒木渚,日文；流行；舰长,
ふわふわ,みゆな,日文；流行；舰长,
シャルル,flower,日文；术力口；舰长,
You are a ghost， I am a ghost,スタァライト九九組,日文；ACG；音乐剧；舰长,少女歌剧
もう森へ帰ろうか?,欅坂46,日文；流行；秋元系,
ダダダダ天使,ナナヲアカリ,日文；流行；舰长,nanawoakari
私たちの居る理由,スタァライト九九組,日文；ACG；音乐剧；舰长,少女歌剧
ジョジョ~その血の運命~,富永TOMMY弘明,日文；ACG,JOJO
熱色スターマイン,Roselia,日文；ACG；舰长,邦邦
Determination Symphony,Roselia,日文；ACG；舰长,邦邦
Re:birth day,Roselia,日文；ACG；舰长,邦邦
陽だまりロードナイト,Roselia,日文；ACG；舰长,邦邦
LOUDER,Roselia,日文；ACG,邦邦
BLACK SHOUT,Roselia,日文；ACG,邦邦
魂のルフラン,高橋洋子,日文；ACG；舰长,EVA
たい,Reol,日文；流行；Rap；舰长,
バーモント?キス,相対性理論,日文；流行；舒缓,
YOU & IDOL,相対性理論,日文；流行；舒缓,
KIRA☆Power,STAR☆ANIS,日文；ACG,偶像活动
fashion check!,STAR☆ANIS,日文；ACG,偶像活动
SHINING LINE*,STAR☆ANIS,日文；ACG,偶像活动
Signalize!,STAR☆ANIS,日文；ACG,偶像活动
Hold Me Now,Nai Br.XX Celeina Ann,英文；ACG,卡罗尔与星期二
Kiss Me,Nai Br.XX Celeina Ann,英文；ACG,卡罗尔与星期二
Bloody Stream,Coda(小田和奏),日文；ACG,JOJO
私の言葉,久保ユリカ,日文；流行,
ひとり旅,鎖那,日文；流行,独自旅行
胸騒ぎナビゲーション,Goose house,日文；流行,
kirari futari,mamerico,日文；流行；舒缓,
ガラ,水曜日のカンパネラ,日文；流行,
桃太郎,水曜日のカンパネラ,日文；流行,
ヒッチコック,ヨルシカ ,日文；流行,夜鹿 希区柯克 Hitchhock
スタンドバイミー,the peggies,日文；ACG,皿三味
懺悔録,黒木渚,日文；流行；舰长,
一休さん,水曜日のカンパネラ,日文；流行,
ふわふわ?,牧野由依,日文；流行,
チカっとチカ千花っ,小原好美,日文；ACG；舰长,辉夜大小姐想让我告白 半首
Star Divine,スタァライト九九組,日文；ACG；舰长,少女歌剧
The Lazy Song,Bruno Mars,英文；流行,
夏休みの転校生,鎖那,日文；流行,
やさしくしないで,杉恵ゆりか,日文；流行；舰长,
PLAYING WITH FIRE,BLACKPINK,日文；K-pop；流行；Rap,
STAY,BLACKPINK,日文；K-pop；流行；舒缓,
FOREVER YOUNG,BLACKPINK,日文；K-pop；流行,
SEE U LATER,BLACKPINK,日文；K-pop；流行,
BOOMBAYAH,BLACKPINK,日文；K-pop；流行；Rap,
しろつめくさ,ハンバート ハンバート,日文；流行；舒缓,白车轴草
オトノナルホウヘ→,Goose house,日文；ACG；舰长；流行,银之匙
キュン,日向坂46,日文；流行；秋元系,心动了
眠れる森に行きたいな,鬼頭明里,日文；ACG,LoveLive
Next SPARKLING!!,Aqours,日文；ACG,LoveLive
君の瞳を巡る冒険,Aqours,日文；ACG,LoveLive
未来の僕らは知ってるよ,Aqours,日文；ACG；舰长,LoveLive
バスルームトラベル,欅坂46,日文；流行；秋元系,
ごめんね クリスマス,欅坂46,日文；流行；秋元系,
ここにいるよ,Goose house,日文；流行；舒缓,
AIAIAI,Kizuna AI,日文；ACG；V圈金曲,虚拟小姐在看着你
future base,Kizuna AI,日文；ACG；V圈金曲,
melty world,Kizuna AI,日文；ACG；V圈金曲,
春愁,Mrs. GREEN APPLE,日文；流行；舒缓,
REALLY,BLACKPINK,日文；K-pop；流行,
Little Wing & Beautiful Pride,加藤英美里/戸松遥,日文；ACG,美妙旋律
INDETERMINATE UNIVERSE,初音未来,日文；ACG,烟草
裏表ラバーズ,初音未来,日文；术力口；提督,里表情人
コバルトの街,Goose house,日文；流行；舒缓,
十中八九,Reol,日文；流行；Rap；舰长,
ディスコミュ星人,ナナヲアカリ,日文；流行；舰长,交流障碍星人
SEVENDAYS LOVE， SEVENDAYS FRIEND,宍戸留美/佐倉綾音,日文；ACG；舰长,美妙旋律
不可思議のカルテ,瀬戸麻沙美/東山奈央,日文；ACG；舰长,青春期笨蛋不做兔女郎学姐的梦
月曜日の朝、スカートを切られた,欅坂46,日文；流行；秋元系,
シンクロニシティ,乃木坂46,日文；流行；秋元系,
ハルカトオク,saya,日文；ACG；舰长,比宇宙更远的地方
Evergreen,指出毬亜,日文；ACG,LoveLive
Over The Next Rainbow,Aqours,日文；ACG；舰长,LoveLive
ひねくれ,鎖那,日文；流行,
さよなら、テディベア,鎖那,日文；流行,
鍵っ子,鎖那,日文；流行,
透明声彩,YuNi,日文；流行,
夜明けの孤独,平手友梨奈,日文；流行；秋元系,
オレンジミント,早見沙織,日文；ACG,物语系列
Humming Bird,Goose house,日文；流行,
黒蜜,Yuu,日文；流行,
テンテン,水曜日のカンパネラ,日文；流行,
dark cherry mystery,水橋かおり,日文；ACG,物语系列
僕らの走ってきた道は…,Aqours,日文；ACG,LoveLive
Brightest Melody,Aqours,日文；ACG,LoveLive
花鳥風月,高森奈津美,日文；ACG；Rap,
あるバイト ～次のバイトが来ないから～,種崎敦美,日文；ACG；Rap,
Rainy Girl - レイニーカ?ール,HoneyComeBear,日文；流行；电音,
沈黙した恋人よ,日向坂46,日文；流行；秋元系,
まどろみの約束,佐藤聡美/茅野愛衣,日文；ACG,冰菓
Nobody,欅坂46,日文；流行；秋元系,
黒い羊,欅坂46,日文；流行；秋元系,
カワキヲアメク,美波,日文；ACG；提督,声嘶力竭 家有女友
RESISTER,ASCA,日文；ACG；舰长,刀剑神域
summertime,cinnamons,日文；流行,
ロケットビート,安野希世乃,日文；ACG,魔卡少女樱 CLEAR CARD篇
絶体絶命,C? shu Nie,日文；ACG；舰长,约定的梦幻岛
メルヘル小惑星,ナナヲアカリ,日文；流行；舰长,梅尔赫尔小行星 Nanawoakari
世界には愛しかない,欅坂46,日文；流行；秋元系,
夜行少女,小野道ono,中文；流行,
KEMURIKUSA,ナノ,日文；ACG；舰长,烟草
U.S.A.,DA PUMP,日文；流行,
センチメンタルクライシス,halca,日文；ACG,辉夜大小姐想让我告白 半首
火炎,女王蜂,日文；ACG,多多罗
下一秒,张碧晨,中文；流行；舒缓,
思念是一种病,张震岳/蔡健雅,中文；流行；舒缓,
红色高跟鞋,蔡健雅,中文；流行；舒缓；V圈金曲,
惑星ループ,初音未来,日文；术力口；舰长,行星环
ブルーバード,いきものがかり,日文；ACG；SC,火影忍者 青鸟 SC点歌
パプリカ,Foorin,日文；流行,红辣椒
ロキ,鏡音リン,日文；术力口；舰长,Roki
アイリス,藍井エイル,日文；ACG；舰长,刀剑神域
Heartache,ONE OK ROCK,日文；ACG；流行,浪客剑心
エキセントリック,欅坂46,日文；流行；秋元系,怪人
渋谷からPARCOが消えた日,欅坂46,日文；流行；秋元系,
風に吹かれても,欅坂46,日文；流行；秋元系,
ガラスを割れ!,欅坂46,日文；流行；秋元系,
不協和音,欅坂46,日文；流行；秋元系；舰长,
二人セゾン,欅坂46,日文；流行；秋元系；舰长,
アンビバレント,欅坂46,日文；流行；秋元系,Ambivalent
サイレントマジョリティー,欅坂46,日文；流行；秋元系；舰长,沉默的多数派
Flamingo,米津玄師,日文；流行,
T-series Diss Track,PewDiePie,英文；Rap；SC,SC点歌
海洋之心,吉克隽逸,中文；ACG；舰长,迪士尼 海洋奇缘
ドキピポ☆エモーション,田中ちえ美,日文；ACG,LoveLive
めっちゃGoing!!,村上奈津実,日文；ACG,LoveLive
Starlight,久保田未夢,日文；ACG,LoveLive
CHASE!,楠木ともり,日文；ACG；SC,LoveLive SC点歌
星と君が消えた日,泠鸢yousa,日文；ACG；舰长,崩坏学园2 星与你消失之日
ハジマリロード,Aqours,日文；ACG；舰长,LoveLive
Great Days,青木カレン,日文；ACG；舰长,JOJO
マカロン,初音ミク,日文；术力口；舰长,马卡龙 ATOLS
神風,初音ミク,日文；术力口,ATOLS
POP/STARS,K/DA,英文；韩文；ACG；Rap；舰长,英雄联盟
Pre-STAR,战斗吧歌姬,中文；ACG；V圈金曲；舰长,
越来越不懂,蔡健雅,中文；流行；舒缓,
予測不可能Driving!,Aqours,日文；ACG,LoveLive
Marine Border Parasol,Aqours,日文；ACG,LoveLive
unravel,TK from 凛として時雨,日文；ACG；舰长,东京喰种
ADAMAS ,LiSA,日文；ACG；舰长,刀剑神域
シルシ,LiSA,日文；ACG；舰长,刀剑神域
BLACK DIAMOND,水樹奈々,日文；ACG,守护甜心
迷宮バタフライ,水樹奈々,日文；ACG,守护甜心 迷宫蝴蝶
フリージア,Uru,日文；ACG；舰长,希望之花 铁血的孤儿
カナリア,ReoNa,日文；ACG；舒缓,Happy Sugar Life
スリピス,長江里加/小原好美/木野日菜,日文；ACG；舒缓,游戏三人娘
インキャインパルス,長江里加/小原好美/木野日菜,日文；ACG,游戏三人娘
宵々古今,REOL,日文；流行；舰长,
セーラー服を脱がさないで,小猫俱乐部,日文；流行；秋元系；提督,不要脱人家的水手服
大丈夫,wacci,日文；流行,
風になる,つじあやの,日文；ACG,猫的报恩 幻化成风
僕らの手には何もないけど、,RAM WIRE,日文；流行,尽管我们手中空无一物
Happy Halloween,柊優花/鎖那,日文；术力口；卖萌,
失恋リピーター,鎖那,日文；卖萌；流行,
嘘つき,藤原さくら,日文；流行,
Sneaker - スニーカー,HoneyComeBear,日文；流行；电音,
水星,ラブリーサマーちゃん,日文；流行,
Inner Urge,上坂すみれ,日文；ACG；提督,没有黄段子的无聊世界
"""MY LIST"" to you!",Aqours,日文；ACG,LoveLive
銀色飛行船,supercell,日文；ACG；舒缓,被狙击的学园
シュテルン,鎖那,日文；卖萌；流行,
ミッション! 健?康?第?イチ,花澤香菜,日文；ACG,工作细胞 半首
緋色月下、狂咲ノ絶,nayuta,日文；ACG；舰长,东方
CheerS,ClariS,日文；ACG,工作细胞 半首
呼吸,mol-74,日文；流行,
まっさらブルージーンズ,℃-ute,日文；流行；地偶,
恋のサカズキ,ゴクドルズ虹組,日文；ACG；舰长,后街女孩
小さな恋のうた,新垣結衣,日文；流行,小小恋歌
星のかたち,ゴクドルズ虹組,日文；ACG；舰长,后街女孩
ゴクドルミュージック,ゴクドルズ虹組,日文；ACG；舰长,后街女孩
灼け落ちない翼,多田葵,日文；ACG；舰长,夏洛特
僕らの戦場,鈴木みのり,日文；ACG；舰长,超时空要塞
絶対零度θノヴァティック,ワルキューレ,日文；ACG；舰长,超时空要塞
一度だけの恋なら,ワルキューレ,日文；ACG；舰长,超时空要塞
カタオモイ,Aimer,日文；流行；舰长；V圈金曲,单相思
FEELING AROUND,鈴木みのり,日文；ACG；舰长,爱吃拉面的小泉同学
No.10,Aqours,日文；ACG,LoveLive
Thank you， FRIENDS!!,Aqours,日文；ACG,LoveLive
待ってて愛のうた,Aqours,日文；ACG,LoveLive
???????,藤井奈央,日文；ACG,萤之光 火影忍者
アブラカダブラ ~avra K'Davarah~,GARNiDELiA,日文；流行,
Guilty!? Farewell party,Guilty Kiss,日文；ACG,LoveLive
サクラバイバイ,CYaRon!,日文；ACG,LoveLive
卒業ですね,AZALEA,日文；ACG,LoveLive
キセキヒカル,Aqours,日文；ACG,LoveLive
Glass Walls,Nik Ammar,英文；ACG,奇异人生
Bboom Bboom,MOMOLAND,中文；K-pop；流行,
给你宇宙,脸红的思春期,中文；K-pop；流行,
地獄タクシー,吉澤嘉代子,日文；流行,
手と手,CY8ER,日文；流行；地偶,
ドミノエフェクト,Goose house,日文；流行,
今、走れ！,Goose house,日文；流行,
おかしなわたしとはちみつのきみ,はちみつロケット,日文；ACG,粗点心战争2
ふわふわ時間,放課後ティータイム,日文；ACG,轻音少女 滑滑蛋
ミニスカート,AOA,日文；K-pop；流行,迷你裙
New winding road,鈴木愛奈,日文；ACG,LoveLive
さかなかなんだか?,諏訪ななか,日文；ACG,LoveLive
RED GEM WINK,降幡愛,日文；ACG,LoveLive
WHITE FIRST LOVE,小宮有紗,日文；ACG,LoveLive
キミのくせに!,lily white,日文；ACG,LoveLive
夕暮れ,THE BLUE HEARTS,日文；流行,黄昏
ツキアカリのミチシルベ,ステレオポニー,日文；ACG,黑之契约者 月光的指引 半首
恋の2-4-11,,日文；ACG,舰队collection
New World,Aioi,日文；ACG,Cytus
病名恋ワズライ,戸松遥,日文；ACG,Honeyworks
初恋の絵本,豊崎愛生,日文；ACG,Honeyworks
告白予行練習,戸松遥,日文；ACG,Honeyworks
金曜日のおはよう,雨宮天,日文；ACG,Honeyworks
ウィアートル,rionos,日文；ACG；舰长,朝花夕誓—于离别之朝束起约定之花
軌跡,Roselia,日文；ACG；舰长,邦邦
in this unstable world,小林愛香,日文；ACG,LoveLive
Beginner's Sailing,斉藤朱夏,日文；ACG,LoveLive
Pianoforte Monologue,逢田梨香子,日文；ACG,LoveLive
シュガーソングとビターステップ,BENI,日文；ACG,幻界战线
11月の雨,CHiCO,日文；ACG,Honeyworks
ハートの主張,CHiCO,日文；ACG,Honeyworks
恋のコード,CHiCO,日文；ACG,Honeyworks
ユキドケ,CHiCO,日文；ACG,Honeyworks
アイのシナリオ,CHiCO,日文；ACG；舰长,Honeyworks 魔术快斗
ヒストリア,CHiCO,日文；ACG,Honeyworks
プライド革命,CHiCO,日文；ACG；舰长,Honeyworks 银魂
恋色に咲け,CHiCO,日文；ACG,Honeyworks 从很久以前就喜欢你了
ウルフ,CHiCO,日文；ACG,Honeyworks
カヌレ,CHiCO,日文；ACG,Honeyworks
私、アイドル宣言,CHiCO,日文；ACG；舰长,Honeyworks 我的偶像宣言
センパイ。,TrySail,日文；ACG；舰长,前辈 Honeyworks 喜欢上你的那个瞬间。
絆,miu-clips,日文；流行,
Angelic Angel,μ's,日文；ACG,LoveLive
彼女は旅に出る,鎖那,日文；流行,她踏上了旅途
もうそう?えくすぷれす,花澤香菜,日文；ACG,囮物语 物语系列
东京冬日相会,祈Inory,日文；ACG,Honeyworks
"Don't say ""lazy""",放課後ティータイム,日文；ACG,轻音少女
追光者,岑宁儿,中文；流行,夏至未至
今好きになる。,鎖那,日文；ACG,Honeyworks
セダンガール,Goose house,日文；流行,
KiRa-KiRa Sensation!,μ's,日文；ACG,LoveLive
Love Potion,鎖那,日文；ACG,
回る空うさぎ,初音未来,日文；术力口；V圈金曲,月兔回旋于空中
おやすみなさん!,高槻かなこ,日文；ACG,LoveLive
Girls,MARiA,日文；ACG,
走れメロンパン,ここなつ,日文；ACG,
ゆうべは俺が悪かった,ハンバート ハンバート,日文；流行,昨晚我错了
黒ネコのタンゴ,大橋のぞみ,日文；儿歌,黑猫的探戈
グッドモーニング,Goose house,日文；流行,
One Step,水瀬いのり/花澤香菜,日文；ACG,比宇宙更遥远的地方
ミラクルカラーズ☆本日も異常ナシ!,カラーズ☆スラッシュ,日文；ACG,三颗星彩色冒险
カラーズぱわーにおまかせろ!,カラーズ☆スラッシュ,日文；ACG,三颗星彩色冒险
Sincerely,TRUE,日文；ACG；舰长,紫罗兰永恒花园
ここから、ここから,水瀬いのり/花澤香菜,日文；ACG,比宇宙更遥远的地方
The Girls Are Alright!,水瀬いのり/花澤香菜,日文；ACG,比宇宙更遥远的地方
LUVORATORRRRRY,GUMI/镜音铃,日文；术力口；Rap,
みちしるべ,茅原実里,日文；ACG；舰长,紫罗兰永恒花园
secret base ~君がくれたもの~ ,茅野愛衣/戸松遥/早見沙織,日文；ACG；舰长,未闻花名
夜空ノムコウ,Sotte Bosse,日文；流行,
平行線,さユり,日文；ACG；舰长,人渣的本愿
恋,星野源,日文；流行,逃避虽可耻但有用
可愛くなりたい,鎖那,日文；ACG,想要变得可爱
ヒビカセ,Reol,日文；流行,让其响彻
No title,Reol,日文；流行,
ピカピカなのん,小岩井ことり,日文；ACG；卖萌,悠哉日常大王
PiNK CAT,GARNiDELiA,日文；ACG,
極楽浄土,GARNiDELiA,日文；ACG；舰长,
Hysteric Bullet,GARNiDELiA,日文；ACG；舰长,
CLEAR,坂本真綾,日文；ACG,魔卡少女樱
ふたりのきもちのほんとのひみつ,愛殺寶貝,日文；ACG,二人心意的真正秘密
千本桜,初音未来,日文；术力口；舰长,
Catch the Moment,LiSA,日文；ACG；舰长,刀剑神域
好き！雪！本気(マジ)マジック,初音未来,日文；术力口；舰长,喜欢！雪！真实的魔法
今夜だけ,石野卓球,日文；ACG,恶魔人 crybaby
WONDERFUL STORIES,Aqours,日文；ACG；舰长,LoveLive
WATER BLUE NEW WORLD,Aqours,日文；ACG；舰长,LoveLive
fish in the pool,ヘクとパスカル,英文；ACG；舰长；舒缓,花与爱丽丝杀人事件
Forever Friends,Daoko,英文；ACG；舰长；舒缓,升空的焰火，从下面看还是从侧面看?
七色シンフォニー,コアラモード.,日文；ACG；舰长,四月是你的谎言
オレンジ,seven oops,日文；ACG；舰长,四月是你的谎言
泡沫、哀のまほろば,senya,日文；ACG；舰长,东方
Beautiful,CREAM,日文；英文；流行,
世界は恋に落ちている,CHiCO,日文；ACG；舰长,青春之旅 我的世界已坠入爱河
センチメンタルな愛慕心,あり,日文；流行,
One More Sunshine Story,伊波杏樹,日文；ACG,LoveLive
言って。,ヨルシカ,日文；流行；舰长,夜鹿 yorushika 说吧
ECHO,a,日文；术力口；舰长,
[A]ddiction,EVO+,日文；流行；舰长,
聞こえますか,莉犬,日文；ACG；舰长,Honeyworks
behind,礒部花凜/芳野由奈/Lynn,日文；ACG；舰长,Just Because!
Morning Call,ORESAMA,日文；流行,
オノマペット,初音未来,日文；术力口；舰长,拟声词
This is the show,辻詩音,日文；流行,
Lost in wonderland,辻詩音,日文；流行,
届かない恋,茅野愛衣,日文；ACG；舰长,白色相簿 无法传达的恋情
DROPOUT!?,Saint Snow,日文；ACG,LoveLive
CRASH MIND,Saint Snow,日文；ACG,LoveLive
Awaken the power,Aqours,日文；ACG,LoveLive
这一天我什么都不想干,谢春花,中文；流行；ACG,女生宿舍日常
はじめ,関取花,日文；流行；舒缓,
oyasumi,Shiggy Jr.,日文；流行,
雨だれの歌,久保ユリカ/水瀬いのり,日文；ACG,少女终末旅行
More One Night,久保ユリカ/水瀬いのり,日文；ACG,少女终末旅行
動く、動く,久保ユリカ/水瀬いのり,日文；ACG,少女终末旅行
over and over,やなぎなぎ,日文；ACG,Just Because!
いつも何度でも,伊藤サチコ,日文；ACG；舒缓,千与千寻
HANNARI,CY8ER,日文；流行；地偶,
少女以上の恋がしたい,Aqours,日文；ACG,LoveLive
一番の宝物,LiSA,日文；ACG；舒缓；舰长,Angel Beats! 
恋はヒラひらり,Goose house,日文；流行,
笑顔の花,Goose house,日文；流行,
瑠璃色の地球,松田聖子,日文；流行,琉璃色的地球
LOSER,米津玄師,日文；流行；舰长,
MY舞☆TONIGHT,Aqours,日文；ACG,LoveLive
MIRACLE WAVE,Aqours,日文；ACG,LoveLive
,,,
まげてのばして,中谷美紀,日文；流行,被人嫌弃的松子的一生
蓮,Yuu,日文；流行,
少女たちの終わらない夜,ORESAMA,日文；流行,
打上花火,Daoko/米津玄師,日文；ACG；舒缓,升空的焰火，从下面看还是从侧面
冬のエピローグ,Goose house,日文；流行,
光るなら,Goose house,日文；ACG；舰长,四月是你的谎言
君のとなり,Dream Ami,日文；流行,
あたしを彼女にしたいなら,コレサワ,日文；流行,若想要我成为你的女友
海辺のカフェ,sympathy,日文；流行,
カルデラ,黒木渚,日文；流行；舰长,
可愛くなりたい,雨宮天,日文；ACG；舰长,想变可爱
smile for you,神田沙也加,日文；ACG,刀剑神域 -序列之争-
Break Beat Bark!,神田沙也加,日文；ACG,刀剑神域 -序列之争-
delete,神田沙也加,日文；ACG；舰长,刀剑神域 -序列之争-
Ubiquitous dB,神田沙也加,日文；ACG；舰长,刀剑神域 -序列之争-
longing,神田沙也加,日文；ACG；舰长,刀剑神域 -序列之争-
ドレミファロンド,96猫,日文；流行,
SSS,佐藤亜美菜,日文；ACG；舰长,少女编号
DESTRUCTION,沼倉愛美/内山夕実,日文；ACG；舰长,魔法少女育成計画
おやすみパラレル,花守ゆみり,日文；ACG,魔法少女育成計画
おとなの掟,Doughnuts Hole,日文；流行,
妄想感傷代償連盟,初音未来,日文；术力口；舰长,DECO*27
カーストルーム,カーストルーム,日文；ACG；舰长,欢迎来到实力至上主义的教室
Deep Blue Townへおいでよ,内田彩/内田真礼/佐倉綾音,日文；ACG；舰长,
インドア系ならトラックメイカー,Yunomi,日文；流行；电音,内向都是作曲家
world.execute (me) ;,Mili,英文；流行；电音,
生きていたんだよな,あいみょん,日文；流行；舰长,她曾活过啊 爱缪
sweets parade,花澤香菜,日文；ACG,妖狐×仆SS
○+●,ef,日文；流行,
チュルリラ?チュルリラ?ダッダッダ!,結月ゆかり,日文；术力口；舰长,くらげP
Love wing bell,μ‘s,日文；ACG,LoveLive!
秋のあなたの空遠く,lily white,日文；ACG,LoveLive!
深海少女,初音未来,日文；术力口；舰长,
Nico,advantage Lucy,日文；流行；舒缓,
ようこそジャパリパークへ,小野早稀,日文；ACG,兽娘动物园
Face to You,竹達彩奈,日文；ACG,刀剑神域
深夜诗人,三无MarBlue,中文；术力口,
マトリョシカ,そらる,日文；术力口；舰长,
ルンがピカッと光ったら,ワルキューレ,日文；ACG,超时空要塞Δ
ミカヅキ,さユり,日文；ACG,乱步奇谭：拉普拉斯的游戏
青い栞,Galileo Galilei,日文；ACG,未闻花名
only my railgun,fripSide,日文；ACG；提督,某科学的超电磁炮
せいいっぱい、つたえたい！,三森すずこ,日文；ACG；提督,修业魔女璐璐萌
